[
    {
        "name": "Julia Alves Garcia",
        "email":"julalvesgarcia@gmail.com",
        "number":"31920027685",
        "vigencia":"13/03/2021 à 13/03/2023"
    },
    {
        "name": "Julia Alves Garcia",
        "email":"julalvesgarcia@gmail.com",
        "number":"31920027685",
        "vigencia":"13/03/2021 à 13/03/2023"
    },
    {
        "name": "Julia Alves Garcia",
        "email":"julalvesgarcia@gmail.com",
        "number":"31920027685",
        "vigencia":"13/03/2021 à 13/03/2023"
    }
]